<assembly>
    <id>release</id>
    <formats>
        <format>zip</format>
    </formats>
    <includeBaseDirectory>false</includeBaseDirectory>
    <fileSets>
        <fileSet>
            <outputDirectory>/config</outputDirectory>
            <includes>
                <include>*.inc</include>
                <include>*.inf</include>
                <include>*.ini</include>
            </includes>
        </fileSet>
        <fileSet>
            <directory>config/</directory>
            <outputDirectory>/config</outputDirectory>
            <includes>
                <include>*.inc</include>
                <include>*.inf</include>
                <include>*.ini</include>
            </includes>
        </fileSet>
        <fileSet>
            <directory>bin/</directory>
            <outputDirectory>/product</outputDirectory>
            <includes>
                <include>*.dll</include>
            </includes>
        </fileSet>
    </fileSets>
    <files>
        <file>
            <source>${project.basedir}/bin/doit.exe</source>
            <outputDirectory>/</outputDirectory>
            <destName>launcher.exe</destName>
        </file>
    </files>
</assembly>